"snapshot_date","site","property","clicks","impressions","ctr","avg_position","queries","data_date","updated","source"
"2026-07-15","xp786-hub.com","https://xp786-hub.com/","0","3","0%","5","无数据","2026年6月20日到 2026年7月13日","上次更新日期：4小时前","Google Search Console Performance 页面"
"2026-07-15","xp786-news.com","https://xp786-news.com/","0","0","0%","0","无数据","2026年6月20日到 2026年7月13日","上次更新日期：4小时前","Google Search Console Performance 页面"
"2026-07-15","xp786-review.com","https://xp786-review.com/","0","1","0%","2","无数据","2026年6月20日到 2026年7月13日","上次更新日期：4小时前","Google Search Console Performance 页面"
"2026-07-15","xp786-tips.com","https://xp786-tips.com/","0","0","0%","0","无数据","2026年6月20日到 2026年7月13日","上次更新日期：4小时前","Google Search Console Performance 页面"
"2026-07-15","xp786guide.com","https://xp786guide.com/","0","28","0%","1","无数据","2026年6月12日到 2026年7月13日","上次更新日期：4小时前","Google Search Console Performance 页面"
"2026-07-15","xp786guide.pages.dev","https://xp786guide.pages.dev/","未读取/无可靠数据","未读取/无可靠数据","未读取/无可靠数据","未读取/无可靠数据","未读取/无可靠数据","未读取/无可靠数据","未读取/无可靠数据","GSC 页面不可可靠读取/未验证或无权限"
"2026-07-15","xp786official.com","https://xp786official.com/","0","0","0%","0","无数据","2026年6月18日到 2026年7月13日","上次更新日期：4小时前","Google Search Console Performance 页面"
"2026-07-15","xp786pakistan.com","https://xp786pakistan.com/","0","0","0%","0","无数据","2026年6月19日到 2026年7月13日","上次更新日期：4小时前","Google Search Console Performance 页面"
"2026-07-16","xp786-hub.com","https://xp786-hub.com/","0","3","0%","5","无数据","2026年6月20日到 2026年7月14日","上次更新日期：3.5小时前","Google Search Console Performance 页面"
"2026-07-16","xp786-news.com","https://xp786-news.com/","0","0","0%","0","无数据","2026年6月20日到 2026年7月14日","上次更新日期：3.5小时前","Google Search Console Performance 页面"
"2026-07-16","xp786-review.com","https://xp786-review.com/","0","1","0%","2","无数据","2026年6月20日到 2026年7月14日","上次更新日期：3小时前","Google Search Console Performance 页面"
"2026-07-16","xp786-tips.com","https://xp786-tips.com/","0","0","0%","0","无数据","2026年6月20日到 2026年7月14日","上次更新日期：3.5小时前","Google Search Console Performance 页面"
"2026-07-16","xp786guide.com","https://xp786guide.com/","0","29","0%","1.2","无数据","2026年6月12日到 2026年7月14日","上次更新日期：3.5小时前","Google Search Console Performance 页面"
"2026-07-16","xp786guide.pages.dev","https://xp786guide.pages.dev/","未读取/无可靠数据","未读取/无可靠数据","未读取/无可靠数据","未读取/无可靠数据","未读取/无可靠数据","未读取/无可靠数据","未读取/无可靠数据","GSC 页面不可可靠读取/未验证或无权限"
"2026-07-16","xp786official.com","https://xp786official.com/","0","0","0%","0","无数据","2026年6月18日到 2026年7月14日","上次更新日期：3小时前","Google Search Console Performance 页面"
"2026-07-16","xp786pakistan.com","https://xp786pakistan.com/","0","0","0%","0","无数据","2026年6月19日到 2026年7月14日","上次更新日期：3小时前","Google Search Console Performance 页面"
"2026-07-17","xp786-hub.com","https://xp786-hub.com/","0","3","0%","5","无数据","2026年6月20日到 2026年7月15日","上次更新日期：3.5小时前","Google Search Console Performance 页面"
"2026-07-17","xp786-news.com","https://xp786-news.com/","0","0","0%","0","无数据","2026年6月20日到 2026年7月15日","上次更新日期：3.5小时前","Google Search Console Performance 页面"
"2026-07-17","xp786-review.com","https://xp786-review.com/","0","1","0%","2","无数据","2026年6月20日到 2026年7月15日","上次更新日期：3.5小时前","Google Search Console Performance 页面"
"2026-07-17","xp786-tips.com","https://xp786-tips.com/","0","0","0%","0","无数据","2026年6月20日到 2026年7月15日","上次更新日期：3.5小时前","Google Search Console Performance 页面"
"2026-07-17","xp786guide.com","https://xp786guide.com/","0","29","0%","1.2","无数据","2026年6月12日到 2026年7月15日","上次更新日期：3.5小时前","Google Search Console Performance 页面"
"2026-07-17","xp786guide.pages.dev","https://xp786guide.pages.dev/","未读取/无可靠数据","未读取/无可靠数据","未读取/无可靠数据","未读取/无可靠数据","未读取/无可靠数据","未读取/无可靠数据","未读取/无可靠数据","GSC 页面不可可靠读取/未验证或无权限"
"2026-07-17","xp786official.com","https://xp786official.com/","0","0","0%","0","无数据","2026年6月18日到 2026年7月15日","上次更新日期：3.5小时前","Google Search Console Performance 页面"
"2026-07-17","xp786pakistan.com","https://xp786pakistan.com/","0","0","0%","0","无数据","2026年6月19日到 2026年7月15日","上次更新日期：3.5小时前","Google Search Console Performance 页面"
"2026-07-18","xp786-hub.com","https://xp786-hub.com/","0","3","0%","5","无数据","2026年6月20日到 2026年7月15日","上次更新日期：4.5小时前","Google Search Console Performance 页面"
"2026-07-18","xp786-news.com","https://xp786-news.com/","0","0","0%","0","无数据","2026年6月20日到 2026年7月15日","上次更新日期：4.5小时前","Google Search Console Performance 页面"
"2026-07-18","xp786-review.com","https://xp786-review.com/","0","1","0%","2","无数据","2026年6月20日到 2026年7月15日","上次更新日期：4.5小时前","Google Search Console Performance 页面"
"2026-07-18","xp786-tips.com","https://xp786-tips.com/","0","0","0%","0","无数据","2026年6月20日到 2026年7月15日","上次更新日期：4.5小时前","Google Search Console Performance 页面"
"2026-07-18","xp786guide.com","https://xp786guide.com/","0","29","0%","1.2","无数据","2026年6月12日到 2026年7月15日","上次更新日期：4.5小时前","Google Search Console Performance 页面"
"2026-07-18","xp786guide.pages.dev","https://xp786guide.pages.dev/","未读取/无可靠数据","未读取/无可靠数据","未读取/无可靠数据","未读取/无可靠数据","未读取/无可靠数据","未读取/无可靠数据","未读取/无可靠数据","GSC 页面不可可靠读取/未验证或无权限"
"2026-07-18","xp786official.com","https://xp786official.com/","0","0","0%","0","无数据","2026年6月18日到 2026年7月15日","上次更新日期：4.5小时前","Google Search Console Performance 页面"
"2026-07-18","xp786pakistan.com","https://xp786pakistan.com/","0","0","0%","0","无数据","2026年6月19日到 2026年7月15日","上次更新日期：4.5小时前","Google Search Console Performance 页面"
"2026-07-19","xp786-hub.com","https://xp786-hub.com/","0","4","0%","6","无数据","2026年6月20日到 2026年7月17日","上次更新日期：3.5小时前","Google Search Console Performance 页面"
"2026-07-19","xp786-news.com","https://xp786-news.com/","0","0","0%","0","无数据","2026年6月20日到 2026年7月17日","上次更新日期：3.5小时前","Google Search Console Performance 页面"
"2026-07-19","xp786-review.com","https://xp786-review.com/","0","1","0%","2","无数据","2026年6月20日到 2026年7月17日","上次更新日期：3.5小时前","Google Search Console Performance 页面"
"2026-07-19","xp786-tips.com","https://xp786-tips.com/","0","0","0%","0","无数据","2026年6月20日到 2026年7月17日","上次更新日期：3.5小时前","Google Search Console Performance 页面"
"2026-07-19","xp786guide.com","https://xp786guide.com/","0","30","0%","1.2","无数据","2026年6月12日到 2026年7月17日","上次更新日期：3.5小时前","Google Search Console Performance 页面"
"2026-07-19","xp786guide.pages.dev","https://xp786guide.pages.dev/","未读取/无可靠数据","未读取/无可靠数据","未读取/无可靠数据","未读取/无可靠数据","未读取/无可靠数据","未读取/无可靠数据","未读取/无可靠数据","GSC 页面不可可靠读取/未验证或无权限"
"2026-07-19","xp786official.com","https://xp786official.com/","0","0","0%","0","无数据","2026年6月18日到 2026年7月17日","上次更新日期：3.5小时前","Google Search Console Performance 页面"
"2026-07-19","xp786pakistan.com","https://xp786pakistan.com/","0","0","0%","0","无数据","2026年6月19日到 2026年7月17日","上次更新日期：3.5小时前","Google Search Console Performance 页面"
"2026-07-20","xp786-hub.com","https://xp786-hub.com/","0","4","0%","6","无数据","2026年6月20日到 2026年7月17日","上次更新日期：4小时前","Google Search Console Performance 页面"
"2026-07-20","xp786-news.com","https://xp786-news.com/","0","0","0%","0","无数据","2026年6月20日到 2026年7月17日","上次更新日期：4小时前","Google Search Console Performance 页面"
"2026-07-20","xp786-review.com","https://xp786-review.com/","0","1","0%","2","无数据","2026年6月20日到 2026年7月17日","上次更新日期：4小时前","Google Search Console Performance 页面"
"2026-07-20","xp786-tips.com","https://xp786-tips.com/","0","0","0%","0","无数据","2026年6月20日到 2026年7月17日","上次更新日期：4小时前","Google Search Console Performance 页面"
"2026-07-20","xp786guide.com","https://xp786guide.com/","0","30","0%","1.2","无数据","2026年6月12日到 2026年7月17日","上次更新日期：4小时前","Google Search Console Performance 页面"
"2026-07-20","xp786guide.pages.dev","https://xp786guide.pages.dev/","未读取/无可靠数据","未读取/无可靠数据","未读取/无可靠数据","未读取/无可靠数据","未读取/无可靠数据","未读取/无可靠数据","未读取/无可靠数据","GSC 页面不可可靠读取/未验证或无权限"
"2026-07-20","xp786official.com","https://xp786official.com/","0","0","0%","0","无数据","2026年6月18日到 2026年7月17日","上次更新日期：4小时前","Google Search Console Performance 页面"
"2026-07-20","xp786pakistan.com","https://xp786pakistan.com/","0","0","0%","0","无数据","2026年6月19日到 2026年7月17日","上次更新日期：4小时前","Google Search Console Performance 页面"
"2026-07-21","xp786-hub.com","https://xp786-hub.com/","0","4","0%","6","无数据","2026年6月20日到 2026年7月19日","上次更新日期：3小时前","Google Search Console Performance 页面"
"2026-07-21","xp786-news.com","https://xp786-news.com/","0","0","0%","0","无数据","2026年6月20日到 2026年7月19日","上次更新日期：3小时前","Google Search Console Performance 页面"
"2026-07-21","xp786-review.com","https://xp786-review.com/","0","1","0%","2","无数据","2026年6月20日到 2026年7月19日","上次更新日期：3小时前","Google Search Console Performance 页面"
"2026-07-21","xp786-tips.com","https://xp786-tips.com/","0","0","0%","0","无数据","2026年6月20日到 2026年7月19日","上次更新日期：3小时前","Google Search Console Performance 页面"
"2026-07-21","xp786guide.com","https://xp786guide.com/","0","31","0%","1.4","无数据","2026年6月12日到 2026年7月19日","上次更新日期：3小时前","Google Search Console Performance 页面"
"2026-07-21","xp786guide.pages.dev","https://xp786guide.pages.dev/","未读取/无可靠数据","未读取/无可靠数据","未读取/无可靠数据","未读取/无可靠数据","未读取/无可靠数据","未读取/无可靠数据","未读取/无可靠数据","GSC 页面不可可靠读取/未验证或无权限"
"2026-07-21","xp786official.com","https://xp786official.com/","0","0","0%","0","无数据","2026年6月18日到 2026年7月19日","上次更新日期：3小时前","Google Search Console Performance 页面"
"2026-07-21","xp786pakistan.com","https://xp786pakistan.com/","0","0","0%","0","无数据","2026年6月19日到 2026年7月19日","上次更新日期：3小时前","Google Search Console Performance 页面"
"2026-07-22","xp786-hub.com","https://xp786-hub.com/","0","4","0%","6","无数据","2026年6月20日到 2026年7月19日","上次更新日期：4.5小时前","Google Search Console Performance 页面"
"2026-07-22","xp786-news.com","https://xp786-news.com/","0","0","0%","0","无数据","2026年6月20日到 2026年7月19日","上次更新日期：4.5小时前","Google Search Console Performance 页面"
"2026-07-22","xp786-review.com","https://xp786-review.com/","0","1","0%","2","无数据","2026年6月20日到 2026年7月19日","上次更新日期：4.5小时前","Google Search Console Performance 页面"
"2026-07-22","xp786-tips.com","https://xp786-tips.com/","0","0","0%","0","无数据","2026年6月20日到 2026年7月19日","上次更新日期：4.5小时前","Google Search Console Performance 页面"
"2026-07-22","xp786guide.com","https://xp786guide.com/","0","31","0%","1.4","无数据","2026年6月12日到 2026年7月19日","上次更新日期：4.5小时前","Google Search Console Performance 页面"
"2026-07-22","xp786guide.pages.dev","https://xp786guide.pages.dev/","未读取/无可靠数据","未读取/无可靠数据","未读取/无可靠数据","未读取/无可靠数据","未读取/无可靠数据","未读取/无可靠数据","未读取/无可靠数据","GSC 页面不可可靠读取/未验证或无权限"
"2026-07-22","xp786official.com","https://xp786official.com/","0","0","0%","0","无数据","2026年6月18日到 2026年7月19日","上次更新日期：4.5小时前","Google Search Console Performance 页面"
"2026-07-22","xp786pakistan.com","https://xp786pakistan.com/","0","0","0%","0","无数据","2026年6月19日到 2026年7月19日","上次更新日期：4.5小时前","Google Search Console Performance 页面"
